use COLUNCOL;
/*Persona*/
INSERT INTO Persona VALUES (72245873,'Pedro','Antonio','Albor','Reyes','M');
INSERT INTO Persona VALUES (1001851557,'Clara','Lucia','Parra','Nieto','F');
INSERT INTO Persona VALUES (8701199,'Roberto','Alfonso','Parra','Silguero','M');
INSERT INTO Persona VALUES (32758353,'Ledys','Bird','Nieto','Berrio','F');
INSERT INTO Persona VALUES (22420082,'Margarita',NULL,'Parra','Silguero','F');
/*Sin Segundo Nombre*/
INSERT INTO Persona VALUES(1193412215,'Isabella',NULL,'Vengoechea','Visbal','F');
INSERT INTO Persona VALUES(87921020,'Paola',NULL,'Gutierrez','Vesga','F');
INSERT INTO Persona VALUES(1001810022,'Isabella',NULL,'Vengoechea','Visbal','F');
INSERT INTO Persona VALUES(1001111029,'Ana',NULL,'Lozano','Caballero','F');
INSERT INTO Persona VALUES(1001123090,'Sixto',NULL,'Gomez','Sarmiento','M');
INSERT INTO Persona VALUES(87019823,'Daniel',NULL,'Hernandez','Gomez','M');
INSERT INTO Persona VALUES(32758654,'Veronica',NULL,'Estrada','Ortega','F');
INSERT INTO Persona VALUES(32876987,'Natalia',NULL,'Cardenas','Carrillo','F');
INSERT INTO Persona VALUES(1001782929,'Gabriela',NULL,'Otero','Verdooren','F');
INSERT INTO Persona VALUES(1001565787,'Keissy',NULL,'Cerra','Hernandez','F');
INSERT INTO Persona VALUES(1001898676,'Hillary',NULL,'Gomez','Mejia','F');
INSERT INTO Persona VALUES(1001232454,'Maria',NULL,'Otero','Quintero','F');
INSERT INTO Persona VALUES(1001251251,'Lilibeth',NULL,'Ruiz','Ponce','F');
INSERT INTO Persona VALUES(1001802490,'Eliana',NULL,'Parra','Sanchez','F');
INSERT INTO Persona VALUES(1001557554,'Natalia',NULL,'Guevara','Potes','F');
INSERT INTO Persona VALUES(1001009570,'Elvia',NULL,'Morelo','Morales','F');
INSERT INTO Persona VALUES(1278173639,'Nigel',NULL,'Davila','Acuña','M');
INSERT INTO Persona VALUES(1082525609,'Kevin',NULL,'Ruz','Nuñez','M');
INSERT INTO Persona VALUES(1002038900,'Gabriel',NULL,'Gomez','Suarez','M');
INSERT INTO Persona VALUES(1001092012,'Valentina',NULL,'Tatis','Solano','F');
INSERT INTO Persona VALUES(102242976,'Yeimy',NULL,'Acevedo' ,'Cardenas','F');
INSERT INTO Persona VALUES(1569872438,'Andres',NULL,'Ahumada','Rojano','M');
INSERT INTO Persona VALUES(1689745236,'Isabella',NULL,'Castañeda','Gnecco','F');
INSERT INTO Persona VALUES(1598746238,'Juliana',NULL,'Catañeda','Gnecco','F');
INSERT INTO Persona VALUES(1489562358,'Valentina',NULL,'Beltran','Monterrosa','F');
INSERT INTO Persona VALUES(1236549872,'Camila',NULL,'Castilla','Chapman','F');
INSERT INTO Persona VALUES(134562358,'Hernan',NULL,'Barraza','Moscotte','M');
INSERT INTO Persona VALUES(1223846325,'Saray',NULL,'Barraza','Moscotte','M');
INSERT INTO Persona VALUES(1598524569,'Juan',NULL,'Palacio','Gutierrez','M');
INSERT INTO Persona VALUES(1593215698,'VaLery',NULL,'Miranda','Arteta','F');






/*Con segundo nombre*/
INSERT INTO Persona VALUES (1001043371,'Glennys','Margaraita','Parra','Nieto','F');
INSERT INTO Persona VALUES (1004098737,'Kendra','Johana','Daza','Guerra','F');
INSERT INTO Persona VALUES (1005093878,'Daniela','Andrea','Diaz','Marriaga','F');
INSERT INTO Persona VALUES (1001834923,'Daniela','Paola','Maestre','Iglesias','F');
INSERT INTO Persona VALUES (1001372935,'Maria','Alejandra','Guarín','Robles','F');
INSERT INTO Persona VALUES (1001928333,'Luz','Celeste','Payares','Simanca','F');
INSERT INTO Persona VALUES (1005920001,'Kiara','Estefany','Figueroa','Carbono','F');
INSERT INTO Persona VALUES (1004040005,'Angie','Paola','Becerra','Bohorquez','F');
INSERT INTO Persona VALUES (1001999333,'Juan','Esteban','Biswell','Jimenez','M');
INSERT INTO Persona VALUES (1001283923,'Luz','Karime','Rabelo','Bohorquez','F');
INSERT INTO Persona VALUES (1001939939,'Maria','Elvira','Duarte','Conde','F');
INSERT INTO Persona VALUES (1001222222,'Jhon','David','Restrepo','Berrio','M');
INSERT INTO Persona VALUES (1001919829,'Angie','Paola','Trujillo','Payares','F');
INSERT INTO Persona VALUES (1001101001,'Carlos','Arturo','Obregon','Meza','M');
INSERT INTO Persona VALUES (1001283457,'Andrea','Camila','Pertuz','Molina','F');
INSERT INTO Persona VALUES (1001098123,'Camila','Mar','Valencia','Santiago','F');
INSERT INTO Persona VALUES (1001898227,'Diana','Marcela','Torres','Landazury','F');
INSERT INTO Persona VALUES (1001792787,'Maria','Valentina','Herrera','Rivera','F');
INSERT INTO Persona VALUES (1001828919,'Christian','Camilo','Forero','Iriarte','M');
INSERT INTO Persona VALUES (1001335885,'Laura','Valentina','Guerrero','Negrete','F');
INSERT INTO Persona VALUES (1001838834,'Shaleen','Maria','Dennis','Velez','F');
INSERT INTO Persona VALUES (1001123874,'Leandro','Enrique','Puello','Barrios','M');
INSERT INTO Persona VALUES (1001343535,'Karen','Paola','Herrera','Rivera','F');
INSERT INTO Persona VALUES (1001990120,'Maria','Carolina','Quintero','Carmona','F');
INSERT INTO Persona VALUES (1001767401,'Nayibis','Danelly','Almanza','Ayos','F');
INSERT INTO Persona VALUES (1001092803,'Angie','Victoria','Zuñiga','Figueroa','F');
INSERT INTO Persona VALUES (1001302143,'Angela','Patricia','Camargo','Ramos','F');
INSERT INTO Persona VALUES (1047347780,'Aldair','Jose','Zapata','De La Hoz','M');
INSERT INTO Persona VALUES (1002909029,'Eyleen','Paola','Moreno','Gutierrez','F');
INSERT INTO Persona VALUES (1001938920,'Erick','Alberto','Solano','De La Hoz','M');
INSERT INTO Persona VALUES (1002203945,'Jorge','Andres','Molinares','Perez','M');
INSERT INTO Persona VALUES (1002839403,'Glenda','Alejandra','Gutierrez','Vizcaino','F');
INSERT INTO Persona VALUES (1002892018,'Angelica','Maria','Gomez','Suarez','F');
INSERT INTO Persona VALUES (1278293848,'Darlis','Carolina','Pineda','Meza','F');
INSERT INTO Persona VALUES (1002879403,'Laura','Isabel','Morales','Ojeda','F');
INSERT INTO Persona VALUES (1001923432,'Maria','Fernanda','Martinez','Mercado','F');
INSERT INTO Persona VALUES (1001565756,'Sharay','Isabel','Martinez','Ojeda','F');
INSERT INTO Persona VALUES (1001029302,'Eneida','Maria','Martinez','Ojeda','F');
INSERT INTO Persona VALUES(1524863208,'Juan','Andres','Acosta','Ruiz','M');
INSERT INTO Persona VALUES(1458795231,'Natalia','Sofia','Albor','Rojas','F');
INSERT INTO Persona VALUES(1587964238,'Karen','Lucia','Alvarez','Mendoza','F');
INSERT INTO Persona VALUES(1684532875,'Andrea','Lucia','Duarte','Chacon','F');
INSERT INTO Persona VALUES(858495698,'Ivanna','Paola','Torregroza','Pacheco','F');
INSERT INTO Persona VALUES(1997495874,'Maria','Alejandra','Gnecco','Vicioso','F');
INSERT INTO Persona VALUES(1584697256,'Liliana','Carolina','Dovales','Viloria','F');
INSERT INTO Persona VALUES(1587462459,'Maria','Paula','Celedon','Ospino','F');
INSERT INTO Persona VALUES(1598423654,'Ivania','Paola','Gamarra','Polo','F');
INSERT INTO Persona VALUES(1594862358,'Luis','Alberto','Bustamante','Cortez','M');
INSERT INTO Persona VALUES(1598746259,'Jose','Daniel','Figueroa','Vergara','M');
INSERT INTO Persona VALUES(1597538524,'Maria','Jose','Hurtado','Fontalvo','F');
INSERT INTO Persona VALUES(1597536542,'Laura','Isabella','Moreno','Negrette','F');
INSERT INTO Persona VALUES(1239514569,'Juan','Jose','Maldonado','Navarro','M');
INSERT INTO Persona VALUES(1596542358,'Jaime','Jose','Andrade','Jarabe','M');


/*Colegio*/
INSERT INTO Colegio VALUES (12437904,'Institución Educativa Betania Norte','IEBN','www.IEBetniaNorte.com','IEbetanianorte@gmail.com');
INSERT INTO Colegio VALUES (10937592,'IED Marco Fidel Suárez','IEDMFS','www.IEDMFSuarez.com','IEDMFsuarez@gmail.com');
INSERT INTO Colegio VALUES (68056745,'Colegio Jesus Maestro','CJM','www.colegiojesusmaestro.com','cjesusm@hotmail.com');
INSERT INTO Colegio VALUES (89076567,'Centro Educativo Para El Desarrollo Integral','CEDI','www.cedi.com','cedi@hotmail.com');
INSERT INTO Colegio VALUES (29203421,'Politécnico de Soledad','PDS','www.pds.com','politecsoleda@yahoo.es');



/*Registro*/
INSERT INTO Registro_Colegio VALUES (NULL,60670013,'Finalizado','2017-01-01','2018-01-01',12437904);
INSERT INTO Registro_Colegio VALUES (NULL,60670013,'Finalizado','2018-01-01','2019-01-01',12437904);
INSERT INTO Registro_Colegio VALUES (NULL,60670013,'Activo','2019-01-01',NULL,12437904);
INSERT INTO Registro_Colegio VALUES (NULL,12960983,'Finalizado','2015-01-01','2016-01-01',10937592);
INSERT INTO Registro_Colegio VALUES (NULL,12960983,'Finalizado','2016-03-20','2017-03-20',10937592);
INSERT INTO Registro_Colegio VALUES (NULL,12960983,'Finalizado','2017-04-21','2018-04-21',10937592);
INSERT INTO Registro_Colegio VALUES (NULL,12960983,'Activo','2018-05-01',NULL,10937592);
INSERT INTO Registro_Colegio VALUES (NULL,67543976,'Finalizado','2018-01-01','2019-01-01',68056745);
INSERT INTO Registro_Colegio VALUES (NULL,87865643,'Finalizado','2018-01-01','2019-01-01',89076567);
INSERT INTO Registro_Colegio VALUES (NULL,87865643,'Finalizado','2018-01-01',NULL,89076567);
INSERT INTO Registro_Colegio VALUES (NULL,39576086,'Finalizado','2018-01-01',NULL,29203421);

/*Sede*/
INSERT INTO Sede VALUES (12437904,1,'Cra 34#87-09');
INSERT INTO Sede VALUES (10937592,1,'Cra 6B#36B-46');
INSERT INTO Sede VALUES (10937592,2,'Cra 10B#34B-58');
INSERT INTO Sede VALUES (68056745,1,'Calle 30#30');
INSERT INTO Sede VALUES (89076567,1,'Calle 54#8A-03');
INSERT INTO Sede VALUES (89076567,2,'Cra 1d#51-67');
INSERT INTO Sede VALUES (29203421,1,'Cra 38#74-179');

/*Telefono Sede
INSERT INTO Telefono_Sede VALUES (NULL,3599564,'Oficina','Sí',12437904,1);
INSERT INTO Telefono_Sede VALUES (NULL,3001811,'Portería','Sí',12437904,1);
INSERT INTO Telefono_Sede VALUES (NULL,3301511,'Secretaria','No',12437904,1);
INSERT INTO Telefono_Sede VALUES (NULL,3590504,'Secretaria','Sí',10937592,1);
INSERT INTO Telefono_Sede VALUES (NULL,3590302,'Secretaria','Sí',10937592,2);
INSERT INTO Telefono_Sede VALUES (NULL,3112456,'Porteria','Sí',68056745,1);
INSERT INTO Telefono_Sede VALUES (NULL,3002010,'Secretaria','No',89076567,1);
INSERT INTO Telefono_Sede VALUES (NULL,3002240,'Secretaria','Si',89076567,2);
INSERT INTO Telefono_Sede VALUES (NULL,3113240,'Secretaria','Si',29203421,1);*/

/*Relacion Col-Per*/
INSERT INTO Col_Per VALUES (12437904,87921020);
INSERT INTO Col_Per VALUES (12437904,1001251251);
INSERT INTO Col_Per VALUES (12437904,858495698);
INSERT INTO Col_Per VALUES (12437904,1239514569);
INSERT INTO Col_Per VALUES (12437904,1001898676);
INSERT INTO Col_Per VALUES (12437904,1002892018);
INSERT INTO Col_Per VALUES (12437904,1594862358);
INSERT INTO Col_Per VALUES (12437904,1278293848);
INSERT INTO Col_Per VALUES (12437904,1001123090);
INSERT INTO Col_Per VALUES (12437904,32876987);
INSERT INTO Col_Per VALUES (12437904,1001782929);
INSERT INTO Col_Per VALUES (12437904,1598423654);
INSERT INTO Col_Per VALUES (12437904,1597536542);
INSERT INTO Col_Per VALUES (12437904,1002038900);
INSERT INTO Col_Per VALUES (12437904,1598746238);
INSERT INTO Col_Per VALUES (12437904,1593215698);
INSERT INTO Col_Per VALUES (12437904,1001372935);

INSERT INTO Col_Per VALUES (10937592,1001009570);
INSERT INTO Col_Per VALUES (10937592,32758654);
INSERT INTO Col_Per VALUES (10937592,1001928333);
INSERT INTO Col_Per VALUES (10937592,1005920001);
INSERT INTO Col_Per VALUES (10937592,1001111029);
INSERT INTO Col_Per VALUES (10937592,1001802490);
INSERT INTO Col_Per VALUES (10937592,22420082);
INSERT INTO Col_Per VALUES (10937592,1001092803);
INSERT INTO Col_Per VALUES (10937592,1524863208);
INSERT INTO Col_Per VALUES (10937592,1001767401);
INSERT INTO Col_Per VALUES (10937592,1002909029);
INSERT INTO Col_Per VALUES (10937592,1001565787);
INSERT INTO Col_Per VALUES (10937592,1587462459);
INSERT INTO Col_Per VALUES (10937592,1001557554);
INSERT INTO Col_Per VALUES (10937592,1001923432);
INSERT INTO Col_Per VALUES (10937592,1002879403);
INSERT INTO Col_Per VALUES (10937592,1587964238);

INSERT INTO Col_Per VALUES (68056745,1001851557);
INSERT INTO Col_Per VALUES (68056745,72245873);
INSERT INTO Col_Per VALUES (68056745,8701199);
INSERT INTO Col_Per VALUES (68056745,32758353);
INSERT INTO Col_Per VALUES (68056745,1193412215);
INSERT INTO Col_Per VALUES (68056745,1001810022);
INSERT INTO Col_Per VALUES (68056745,1001343535);
INSERT INTO Col_Per VALUES (68056745,1001792787);
INSERT INTO Col_Per VALUES (68056745,1001123874);
INSERT INTO Col_Per VALUES (68056745,1001939939);
INSERT INTO Col_Per VALUES (68056745,1569872438);
INSERT INTO Col_Per VALUES (68056745,1458795231);
INSERT INTO Col_Per VALUES (68056745,1236549872);
INSERT INTO Col_Per VALUES (68056745,1001834923);
INSERT INTO Col_Per VALUES (68056745,1001999333);
INSERT INTO Col_Per VALUES (68056745,102242976);
INSERT INTO Col_Per VALUES (68056745,1684532875);

INSERT INTO Col_Per VALUES (89076567,1004040005);
INSERT INTO Col_Per VALUES (89076567,1001098123);
INSERT INTO Col_Per VALUES (89076567,1001828919);	
INSERT INTO Col_Per VALUES (89076567,1001335885);
INSERT INTO Col_Per VALUES (89076567,1598524569);
INSERT INTO Col_Per VALUES (89076567,1001101001);
INSERT INTO Col_Per VALUES (89076567,1047347780);
INSERT INTO Col_Per VALUES (89076567,1001938920);
INSERT INTO Col_Per VALUES (89076567,1001029302);
INSERT INTO Col_Per VALUES (89076567,1584697256);
INSERT INTO Col_Per VALUES (89076567,1001838834);
INSERT INTO Col_Per VALUES (89076567,1001092012);
INSERT INTO Col_Per VALUES (89076567,1223846325);
INSERT INTO Col_Per VALUES (89076567,1997495874);
INSERT INTO Col_Per VALUES (89076567,134562358);
INSERT INTO Col_Per VALUES (89076567,1001302143);
INSERT INTO Col_Per VALUES (89076567,1689745236);
	
INSERT INTO Col_Per VALUES (29203421,87019823);
INSERT INTO Col_Per VALUES (29203421,1001232454);
INSERT INTO Col_Per VALUES (29203421,1278173639);
INSERT INTO Col_Per VALUES (29203421,1082525609);
INSERT INTO Col_Per VALUES (29203421,1489562358);
INSERT INTO Col_Per VALUES (29203421,1001043371);
INSERT INTO Col_Per VALUES (29203421,1004098737);
INSERT INTO Col_Per VALUES (29203421,1005093878);
INSERT INTO Col_Per VALUES (29203421,1001283923);
INSERT INTO Col_Per VALUES (29203421,1001222222);
INSERT INTO Col_Per VALUES (29203421,1001919829);
INSERT INTO Col_Per VALUES (29203421,1001283457);
INSERT INTO Col_Per VALUES (29203421,1001898227);
INSERT INTO Col_Per VALUES (29203421,1001990120);
INSERT INTO Col_Per VALUES (29203421,1002203945);
INSERT INTO Col_Per VALUES (29203421,1002839403);
INSERT INTO Col_Per VALUES (29203421,1001565756);
INSERT INTO Col_Per VALUES (29203421,1598746259);
INSERT INTO Col_Per VALUES (29203421,1597538524);
INSERT INTO Col_Per VALUES (29203421,1596542358);


/*Empleados*/
INSERT INTO Empleado VALUES ();


























